id,Name,audience,countLearner,difficult,category,subcategory,url
311,Build Hands-On A Project : C# Programming,"นักเรียน, นักศึกษา",309,พื้นฐาน,Technology,Programming,https://storage.googleapis.com/futureskill-211009-asia-southeast1-futureskill-211009-bucket/course/2ce9084a-e990-4942-82bf-4b9cf638ff48.jpg
310,Advanced For C# Programming,"นักเรียน, นักศึกษา",165,พื้นฐาน,Technology,Programming,https://storage.googleapis.com/futureskill-211009-asia-southeast1-futureskill-211009-bucket/course/4f6f998d-0544-4598-9e02-5b510ba7c60c.jpg
309,C#: การเขียนโปรแกรมเชิงวัตถุ (Object Oriented Programming-OOP),"นักเรียน, นักศึกษา",210,พื้นฐาน,Technology,Programming,https://storage.googleapis.com/futureskill-211009-asia-southeast1-futureskill-211009-bucket/course/da434d40-3511-4f09-bedc-38cf901fd324.jpg
308,Getting Started as C# Developer,"นักเรียน, นักศึกษา",336,พื้นฐาน,Technology,Programming,https://storage.googleapis.com/futureskill-211009-asia-southeast1-futureskill-211009-bucket/course/420cfc8b-ec27-4546-9540-36796083a620.jpg
301,Create Interactive Presentation by Storytelling,พนักงาน,468,ปานกลาง,Business,Language,https://storage.googleapis.com/futureskill-211009-asia-southeast1-futureskill-211009-bucket/course/0ef28024-1ff1-458f-b8cc-afd2990265bd.jpg
300,Mastering The Virtual Presentation & Grab Attention In Meeting,พนักงาน,276,ปานกลาง,Business,Language,https://storage.googleapis.com/futureskill-211009-asia-southeast1-futureskill-211009-bucket/course/78cf4eea-e58f-49ca-9fc6-a54cf01a3585.jpg
299,Become an Outstanding Public Speaker in English,พนักงาน,606,ปานกลาง,Business,Language,https://storage.googleapis.com/futureskill-211009-asia-southeast1-futureskill-211009-bucket/course/a4b5f682-3274-456d-8c20-c28ab602fdc0.jpg
279,Workshop: การเริ่มต้น Deploy Web Application on EC2 (AWS),"นักเรียน, นักศึกษา",1242,พื้นฐาน,Technology,Programming,https://storage.googleapis.com/futureskill-211009-asia-southeast1-futureskill-211009-bucket/course/b48971c1-d23a-445f-af0f-08c61343a89a.jpg
278,"รู้จัก Service ทางด้าน Network, Security และ บริการด้านการจัดการ บน AWS","นักเรียน, นักศึกษา",1140,พื้นฐาน,Technology,Programming,https://storage.googleapis.com/futureskill-211009-asia-southeast1-futureskill-211009-bucket/course/073555c9-1702-4714-8651-5e46c3945176.jpg
277,Introduction to AWS services เรียนรู้ Core Services บน AWS,"นักเรียน, นักศึกษา",1263,พื้นฐาน,Technology,Programming,https://storage.googleapis.com/futureskill-211009-asia-southeast1-futureskill-211009-bucket/course/c4cae47f-76d7-4440-8014-cd33096da526.jpg
275,Getting Start With Cloud and AWS Cloud ก้าวแรกสู่การรู้จัก Cloud และ AWS Cloud,"นักเรียน, นักศึกษา",1566,พื้นฐาน,Technology,Programming,https://storage.googleapis.com/futureskill-211009-asia-southeast1-futureskill-211009-bucket/course/2377e9d6-1f22-40ce-bdfa-0b96b916467e.jpg
273,Deep Neural Network Module and Workshop in OpenCV,"นักเรียน, นักศึกษา",393,ปานกลาง,Technology,Programming,https://storage.googleapis.com/futureskill-211009-asia-southeast1-futureskill-211009-bucket/course/4a479099-6e3b-45ee-bee5-fa14809ad9eb.jpg
272,Basic Detection and Face Detection,"นักเรียน, นักศึกษา",480,ปานกลาง,Technology,Programming,https://storage.googleapis.com/futureskill-211009-asia-southeast1-futureskill-211009-bucket/course/76f27581-4a31-423e-a2f9-3d375b19c180.jpg
271,สร้างระบบ Computer vision อย่างมืออาชีพด้วย OpenCV,"นักเรียน, นักศึกษา",423,ปานกลาง,Technology,Programming,https://storage.googleapis.com/futureskill-211009-asia-southeast1-futureskill-211009-bucket/course/f6c3dcd5-feb0-497a-844e-ec209bde95bf.jpg
254,เปลี่ยนลูกเพจให้เป็นลูกค้า ด้วยเทคนิคการสื่อสารบนโลกออนไลน์,,1017,พื้นฐาน,Business,Digital Marketing,https://storage.googleapis.com/futureskill-211009-asia-southeast1-futureskill-211009-bucket/course/b35d301a-5826-491c-b83b-c0fad399363c.jpeg
242,Excel Advance เจาะลึกเทคนิคการทำงานให้ง่ายขึ้นด้วย Macro และ VBA,บุคคลทั่วไป,1755,ปานกลาง,Technology,Programming,https://firebasestorage.googleapis.com/v0/b/futureskill-211009.appspot.com/o/images%2Ffull%2F1661856570763TNExcelAdvanced01.jpg?alt=media&token=8daaca97-e95b-4a62-bea1-45825ef53127
234,สร้างองค์กรให้เติบโตด้วยวิธีการคิดในเชิงนวัตกรรม Innovative Thinking for Business,"นักเรียน, นักศึกษา, พนักงาน, บุคคลทั่วไป",1032,พื้นฐาน,Business,Data and Analytics,https://storage.googleapis.com/futureskill-211009-asia-southeast1-futureskill-211009-bucket/course/3bde20c0-5f4c-445c-a37c-41a64330d652.jpg
217,สร้าง Passive income ด้วยเทคนิคทำการตลาด Affiliate marketing,"นักศึกษา, พนักงาน",1641,พื้นฐาน,Business,Digital Marketing,https://storage.googleapis.com/futureskill-211009-asia-southeast1-futureskill-211009-bucket/course/8cc1d35d-810f-4124-a51b-bf0b6c99b70a.jpg
216,Essential guide to professional email writing,"นักศึกษา, พนักงาน",804,ปานกลาง,Creative,Lifestyle,https://storage.googleapis.com/futureskill-211009-asia-southeast1-futureskill-211009-bucket/course/9ed4b541-3abd-471d-87aa-f89733957e75.jpg
214,ปรับ Mindset พร้อมรับมือทุกปัญหาด้วยเทคนิค Resilience & Adaptability,พนักงาน,2274,ปานกลาง,Business,Soft Skill,https://storage.googleapis.com/futureskill-211009-asia-southeast1-futureskill-211009-bucket/course/818378a1-2bf7-42c3-9358-d18ac66f4a1c.jpg
198,ประชุมออนไลน์ให้มีประสิทธิภาพด้วยการใช้ Smart Meeting Productivity tools,พนักงาน,2703,พื้นฐาน,Business,Office Productivity,https://storage.googleapis.com/futureskill-211009-asia-southeast1-futureskill-211009-bucket/course/0dbdb782-dfbd-451f-ab40-a64e565e06ed.jpg
197,ต่อยอด Listening & Reading เชิงลึก พิชิต JLPT ระดับ N4 กับ Riko Sensei,,975,ปานกลาง,Creative,Lifestyle,https://storage.googleapis.com/futureskill-211009-asia-southeast1-futureskill-211009-bucket/course/3ad3e441-e5bc-4ec3-96c0-4c4e2be58ca9.jpg
196,First step Korean Language for Everyday Life,,1221,พื้นฐาน,Creative,Lifestyle,https://storage.googleapis.com/futureskill-211009-asia-southeast1-futureskill-211009-bucket/course/44ea9535-b7a4-4d65-a8f0-f3b3fbfca2ae.jpg
195,เรียนพื้นฐานวิธีคิดและสร้างระบบ ด้วย KidBright,,570,พื้นฐาน,Technology,Programming,https://storage.googleapis.com/futureskill-211009-asia-southeast1-futureskill-211009-bucket/course/a2835002-85a7-4ecb-9100-ce7ebb86f15c.jpg
190,The complete guide to Kubernetes,บุคคลทั่วไป,2478,พื้นฐาน,Technology,Programming,https://storage.googleapis.com/futureskill-211009-asia-southeast1-futureskill-211009-bucket/course/a420c05c-c083-4fe9-b71a-931f6836f668.jpg
188,เริ่มต้นทำเพลงฮิตหลายสไตล์ด้วย Tablet/Ipad เครื่องเดียวกับโปรแกรม Cubasis3,"นักเรียน, นักศึกษา",1113,พื้นฐาน,Creative,Lifestyle,https://storage.googleapis.com/futureskill-211009-asia-southeast1-futureskill-211009-bucket/course/f20e5ce0-5451-4eba-8b05-cde91faaa017.jpg
187,เริ่มต้นเป็นนายหน้าอสังหาฯออนไลน์ ในยุคดิจิตอล อย่างมืออาชีพ,"พนักงาน, บุคคลทั่วไป",2097,พื้นฐาน,Creative,Lifestyle,https://storage.googleapis.com/futureskill-211009-asia-southeast1-futureskill-211009-bucket/course/b24589a0-0675-4b05-a09b-41d9b86d4470.jpg
177,ออกแบบหลักสูตรออนไลน์มัดใจผู้เรียนจากมืออาชีพ,นักศึกษา,1071,พื้นฐาน,Creative,Lifestyle,https://storage.googleapis.com/futureskill-211009-asia-southeast1-futureskill-211009-bucket/course/269b2643-16a1-4a73-bb12-d8066f741645.jpg
176,กลยุทธ์ Digital marketing โดยใช้ NFT & Metaverse,,1350,พื้นฐาน,Business,Digital Marketing,https://storage.googleapis.com/futureskill-211009-asia-southeast1-futureskill-211009-bucket/course/4cc0d82e-ec8e-4d2b-97a1-6554cca64e7d.jpg
172,เริ่มต้นค้นหาอัจฉริยะในตัวลูก ฉบับพ่อแม่ยุคใหม่,,861,พื้นฐาน,Creative,Lifestyle,https://storage.googleapis.com/futureskill-211009-asia-southeast1-futureskill-211009-bucket/course/3335f782-033a-4462-b742-134db531951e.jpg
171,Mastering Fundamental Golang : Building RESTAPI Project,"นักเรียน, นักศึกษา",2526,พื้นฐาน,Technology,Programming,https://storage.googleapis.com/futureskill-211009-asia-southeast1-futureskill-211009-bucket/course/34b7edd7-2068-4a53-a47d-1ad95409ff9b.jpg
169,สร้างคอนเทนต์ให้มีคาแรกเตอร์ด้วย Short Video,พนักงาน,3612,พื้นฐาน,Creative,Content,https://storage.googleapis.com/futureskill-211009-asia-southeast1-futureskill-211009-bucket/course/1311f785-e6a5-46b3-8cae-4fb5a44ae673.jpg
163,ติวเข้มคำศัพท์และไวยากรณ์ภาษาญี่ปุ่นเพื่อสอบวัดระดับ JLPT N4 กับ Riko Sensei,,1332,ปานกลาง,Business,Language,https://storage.googleapis.com/futureskill-211009-asia-southeast1-futureskill-211009-bucket/course/2b6f4de5-7fd0-41e1-bce0-946c76071fb1.jpg
162,ถ่ายรูปสินค้าให้ดูโปรและวิดีโอสั้น ด้วยมือถือเครื่องเดียว!,,4536,พื้นฐาน,Creative,Photography,https://storage.googleapis.com/futureskill-211009-asia-southeast1-futureskill-211009-bucket/course/f0bc3748-404a-4041-84d6-9a16b2449fd8.jpg
159,Advance Technical Analysis,,1911,ปานกลาง,Business,Investment,https://storage.googleapis.com/futureskill-211009-asia-southeast1-futureskill-211009-bucket/course/e363fb36-a64d-49db-8b22-d7e23821f694.jpg
158,เจาะลึกวิธีอ่านดูกราฟอย่างมืออาชีพด้วยเทคนิค Technical Analysis,,2643,พื้นฐาน,Business,Investment,https://storage.googleapis.com/futureskill-211009-asia-southeast1-futureskill-211009-bucket/course/54d5a397-ef24-4bff-ab53-29e4a899a1bc.jpg
152,Hands-on with python programming labs,,2337,ปานกลาง,Technology,Programming,https://firebasestorage.googleapis.com/v0/b/futureskill-211009.appspot.com/o/images%2Ffull%2F1645086743366TNFutureSkillHandsonwithpythonprogramminglabs01.png?alt=media&token=9485ba08-55c0-4dcd-8a77-3c89376acd91
151,สร้างแอปพลิเคชันอย่างง่าย ไม่จำเป็นต้องเขียน Code ลดค่าใช้จ่ายด้วยการใช้ Low Code: Microsoft Power apps,พนักงาน,3903,พื้นฐาน,Technology,Mobile application,https://firebasestorage.googleapis.com/v0/b/futureskill-211009.appspot.com/o/images%2Ffull%2F1641976801768FutureSkillPowerApp01.jpg?alt=media&token=2fc8cda0-c3fb-4772-b82c-1d751daf5cdb
150,ปูพื้นฐานเพิ่มประสิทธิภาพการทำงานร่วมกันกับ Google Workspace,,3324,พื้นฐาน,Business,Data and Analytics,https://firebasestorage.googleapis.com/v0/b/futureskill-211009.appspot.com/o/images%2Ffull%2F1640667973316FutureSkillgoogleworkspace01.jpg?alt=media&token=464b0931-4b50-46e7-9367-1b051bc313a5
149,เข้าใจลูกค้าสร้างสินค้าและบริการที่ตรงใจด้วยการทำ Customer Experience,"นักเรียน, นักศึกษา",3540,ปานกลาง,Business,Digital Marketing,https://firebasestorage.googleapis.com/v0/b/futureskill-211009.appspot.com/o/images%2Ffull%2F1640607284306FutureSkillCustomerExperience01.jpg?alt=media&token=36bb435b-db5e-44bb-8748-e03923d4250a
148,สร้างสินค้า Digital product ด้วยการวาดภาพลงขายบนโลก NFT ผ่านแอป Procreate & RoughAnimator,บุคคลทั่วไป,6819,พื้นฐาน,Creative,Digital drawing,https://firebasestorage.googleapis.com/v0/b/futureskill-211009.appspot.com/o/images%2Ffull%2F1640249677608FutureSkillProcreateRoughAnimator01.jpg?alt=media&token=3359aaec-a14a-4c24-ac3f-210e91b26d80
147,เพิ่มยอดขายผ่านการตลาด คลอบคลุมทุก Skill Digital marketing,พนักงาน,6606,พื้นฐาน,Business,Digital Marketing,https://storage.googleapis.com/futureskill-211009-asia-southeast1-futureskill-211009-bucket/course/4427c465-2a24-4f84-89e8-d9b7a58cfea4.jpg
146,ยกระดับธุรกิจเพิ่มช่องทางการตลาดให้ปิดการขายได้ด้วย Sale Page,,2133,พื้นฐาน,Technology,Web Development,https://firebasestorage.googleapis.com/v0/b/futureskill-211009.appspot.com/o/images%2Ffull%2F1639390563853FutureSkillSalePage01.jpg?alt=media&token=1b7fc60a-8f11-48a0-99ba-f6dc3abf8127
145,ติวเข้มภาษาเกาหลี เพื่อการสื่อสารที่ดีและการสอบ TOPIK I,,6006,ปานกลาง,Business,Language,https://firebasestorage.googleapis.com/v0/b/futureskill-211009.appspot.com/o/images%2Ffull%2F1638946250369FutureSkillTOPIK02.png?alt=media&token=4783dd99-e9fb-472d-b20f-e9dd6f16c92f
144,ครบทุกพื้นฐานการสร้าง 2D Animation ด้วย Adobe Character Animator,,1428,พื้นฐาน,Creative,3D Animation,https://firebasestorage.googleapis.com/v0/b/futureskill-211009.appspot.com/o/images%2Ffull%2F1638881884777FutureSkillAdobeCharacterAnimator03.jpg?alt=media&token=bcf90376-6062-4f6d-9568-73b1c69963f9
143,ปรับ “พฤติกรรมการใช้ชีวิต” ไม่ให้ Office Syndrome เล่นงาน!,,1557,พื้นฐาน,Creative,Lifestyle,https://firebasestorage.googleapis.com/v0/b/futureskill-211009.appspot.com/o/images%2Ffull%2F1638373366321FutureSkillOfficeSyndrome01.jpg?alt=media&token=473ae3fa-6b71-49d6-a2a8-234a40f6e014
142,How To เปิดโลก NFT ตั้งแต่ต้นจนจบอย่างมืออาชีพ,บุคคลทั่วไป,7323,พื้นฐาน,Business,Investment,https://firebasestorage.googleapis.com/v0/b/futureskill-211009.appspot.com/o/images%2Ffull%2F1637917069170TNFutureSkillNFTZipmex01.jpg?alt=media&token=1266e408-3812-4928-a4b5-a1c2b3c8e959
141,บริหารผลงานสู่ความสำเร็จด้วย OKRs,พนักงาน,4170,พื้นฐาน,Business,Soft Skill,https://firebasestorage.googleapis.com/v0/b/futureskill-211009.appspot.com/o/images%2Ffull%2F1636705735347FutureSkillObjectiveKeyResults01.jpg?alt=media&token=bd5c784e-8511-4c17-ac08-a2a66d2ca0bb
140,วาดภาพสีน้ำสร้างคาแรกเตอร์และภาพสไตล์โบทานิคัลบน Procreate ให้มีเอกลักษณ์กับเจ้าของเพจ “เลขา”,บุคคลทั่วไป,7194,ปานกลาง,Creative,Digital drawing,https://firebasestorage.googleapis.com/v0/b/futureskill-211009.appspot.com/o/images%2Ffull%2F1636616220100FutureSkillProcreate01.jpg?alt=media&token=106d5caa-a07e-4b95-a6cc-69a47c580a77
139,เผยเคล็ดลับสร้างยอดขาย ขยายฐานลูกค้า ผ่านวิธีการทำตลาดบน Twitter,Influencers,1257,พื้นฐาน,Business,Digital Marketing,https://firebasestorage.googleapis.com/v0/b/futureskill-211009.appspot.com/o/images%2Ffull%2F1636008597775TNFutureSkillTwitter01.jpg?alt=media&token=04d8bf2b-4793-4f1d-ba21-277f836e237a
138,เจรจาต่อรองให้ชนะทุกการทำงานอย่างมืออาชีพด้วยเทคนิค Negotiation ,"พนักงาน, บุคคลทั่วไป",5367,พื้นฐาน,Business,Soft Skill,https://firebasestorage.googleapis.com/v0/b/futureskill-211009.appspot.com/o/images%2Ffull%2F1635953214606FutureSkillNegotiation01.jpg?alt=media&token=d4b5d2ac-71fb-4ade-8e9f-bb81d0aa2c9b
137,ถอดบทเรียนรู้จักการทำงานของสมองอย่างมีประสิทธิภาพกับเทคนิค Learning How To Learn,"นักเรียน, นักศึกษา, บุคคลทั่วไป",4755,พื้นฐาน,Business,Soft Skill,https://firebasestorage.googleapis.com/v0/b/futureskill-211009.appspot.com/o/images%2Ffull%2F1635744653883FutureSkillLearningHowtoLearnG01.jpg?alt=media&token=bd33c50f-e27f-4943-bd88-6976415d2581
136,วิเคราะห์ข้อมูลเว็บไซต์แบบ Real-Time หา Insight ผู้ใช้งานด้วย Google Analytics,,3186,ปานกลาง,Business,Digital Marketing,https://firebasestorage.googleapis.com/v0/b/futureskill-211009.appspot.com/o/images%2Ffull%2F1635742757471FutureSkill_Google_Analytics01.jpg?alt=media&token=9c21de65-41d7-49eb-afee-80424e74ba63
135,ออกแบบ User Experience Design ให้ตอบโจทย์ผู้ใช้งานสร้างฐานลูกค้าและประสบการณ์ที่ดี,"นักเรียน, นักศึกษา, พนักงาน",3549,พื้นฐาน,Creative,Graphic Design,https://firebasestorage.googleapis.com/v0/b/futureskill-211009.appspot.com/o/images%2Ffull%2F1635344470364FutureSkillUserExperienceDesign01.jpg?alt=media&token=11e29dfa-5946-4338-a362-2c06bc8d6f20
134,รู้วิธีทำการตลาดผ่าน Instagram เพื่อดึงดูดลูกค้าและเพิ่มยอดขายให้ธุรกิจ,Influencers,3351,พื้นฐาน,Business,Digital Marketing,https://storage.googleapis.com/futureskill-211009-asia-southeast1-futureskill-211009-bucket/course/3888d2ce-3c68-472a-992a-9f09075d752a.jpg
133,Business English สนทนาภาษาอังกฤษอย่างมั่นใจ ในสไตล์ Native Speaker,,6648,พื้นฐาน,Business,Language,https://firebasestorage.googleapis.com/v0/b/futureskill-211009.appspot.com/o/images%2Ffull%2F1634022187408243529151_745632903502027_73787909721208779_n.jpeg?alt=media&token=644e58a2-894f-45ab-bfd2-9247ccd8d984
132,สร้างทักษะผู้นำที่ดี และ Coach ทีมงานอย่างมืออาชีพเพื่อพาองค์กรสู่เป้าหมายอย่างมีประสิทธิภาพ,,4221,พื้นฐาน,Business,Soft Skill,https://firebasestorage.googleapis.com/v0/b/futureskill-211009.appspot.com/o/images%2Ffull%2F1633068913452thumbnail.png?alt=media&token=072244dd-8271-45f0-87d0-b6ce0e1e9c87
131,รู้เทคนิคเขียนคอนเทนต์ใหัปัง พร้อมสร้างรายได้อย่างมืออาชีพ,,3375,พื้นฐาน,Creative,Content,https://firebasestorage.googleapis.com/v0/b/futureskill-211009.appspot.com/o/images%2Ffull%2F1632987516589editcontentwriting.png?alt=media&token=db926bd8-d744-4baf-b4f6-23746e8ef255
130,ภาษี 101 : เข้าใจทุกเรื่องของภาษี วางแผนแบบถูกวิธีและมีประสิทธิภาพกับ TAXBugnoms,นักเรียน,5187,พื้นฐาน,Business,Investment,https://firebasestorage.googleapis.com/v0/b/futureskill-211009.appspot.com/o/images%2Ffull%2F1632722181407TAXTN.jpg?alt=media&token=2e1335c7-57bc-4417-9950-f4924b088dee
129,นำเสนอข้อมูลให้น่าสนใจ อย่างตรงประเด็นและมีประสิทธิภาพด้วย Data Storytelling,,4341,พื้นฐาน,Business,Data and Analytics,https://firebasestorage.googleapis.com/v0/b/futureskill-211009.appspot.com/o/images%2Ffull%2F1632459043993datastorytelling.jpg?alt=media&token=00d156a7-1f44-4ba4-8b44-7e65b78e8a7e
128,เผยเคล็ดลับวางแผนทางการเงินอย่างมีคุณภาพสร้างความมั่นคงให้กับชีวิต!,"นักเรียน, บุคคลทั่วไป",1881,พื้นฐาน,Business,Investment,https://firebasestorage.googleapis.com/v0/b/futureskill-211009.appspot.com/o/images%2Ffull%2F163188384770601.png?alt=media&token=940809d1-786f-40eb-a353-c2fffb6075ce
127,รู้ทันอาชญากรรมไซเบอร์ ลงมือเจาะระบบหาช่องโหว่ด้วยตัวเอง ไปกับ Ethical Hacking และ Penetration Testing,,3249,พื้นฐาน,Technology,Cyber Security,https://firebasestorage.googleapis.com/v0/b/futureskill-211009.appspot.com/o/images%2Ffull%2F1630940982802hacking.jpg?alt=media&token=fe4c3cb5-f2db-4ea9-b064-360519e2e2e3
126,สร้างฐานลูกค้าให้มีประสิทธิภาพ บริหารการตลาดให้สำเร็จด้วย Email Marketing Automation,,1152,พื้นฐาน,Business,Digital Marketing,https://firebasestorage.googleapis.com/v0/b/futureskill-211009.appspot.com/o/images%2Ffull%2F1630666480101EmailMarketingAutomation.png?alt=media&token=c68a30c9-738f-4280-9609-6ccc33b6444f
125,เรียนรู้เทคนิคการเขียนนิยายออนไลน์ พร้อมสร้างรายได้แบบมืออาชีพทันที!,บุคคลทั่วไป,5460,พื้นฐาน,Creative,Content,https://firebasestorage.googleapis.com/v0/b/futureskill-211009.appspot.com/o/images%2Ffull%2F1630562601863240857645_173614568215390_444781131772488863_n.jpg?alt=media&token=a22d9b40-6b7e-45c7-ac05-679d6035b201
124,รู้ทันเทรนด์การตลาดแนวใหม่ เข้าถึงกลุ่มเป้าหมายได้มากขึ้นด้วยการทำ TikTok Marketing,"นักเรียน, Influencers",5883,พื้นฐาน,Business,Digital Marketing,https://firebasestorage.googleapis.com/v0/b/futureskill-211009.appspot.com/o/images%2Ffull%2F1630488842934TKcover.png?alt=media&token=45b058fd-bbce-46d4-abd9-bf97c2f88eb7
123,เริ่มต้นทำเพลงด้วย Ableton Live จากพื้นฐานสู่การทำเงินด้วยเสียงเพลง,,10878,พื้นฐาน,Creative,Lifestyle,https://firebasestorage.googleapis.com/v0/b/futureskill-211009.appspot.com/o/images%2Ffull%2F1629381919822AbletonLive.jpg?alt=media&token=0a0fcd46-4bfd-42b0-8ff7-1d9ad74fed7c
122,ไขความลับปรับความคิดให้เป็นระบบ ด้วยกระบวนคิดแบบ Systematic Thinking,"พนักงาน, บุคคลทั่วไป",5760,พื้นฐาน,Business,Soft Skill,https://firebasestorage.googleapis.com/v0/b/futureskill-211009.appspot.com/o/images%2Ffull%2F1629114865892reTNsystematicthinking.png?alt=media&token=5be5d012-5f79-4316-9e86-f1fdcf50c2de
121,วิเคราะห์และพยากรณ์พฤติกรรมของผู้บริโภคเพื่อการตัดสินใจทางธุรกิจด้วย Machine Learning,"นักเรียน, นักศึกษา",6180,ปานกลาง,Technology,Programming,https://firebasestorage.googleapis.com/v0/b/futureskill-211009.appspot.com/o/images%2Ffull%2F1628002565815MachineLearning.png?alt=media&token=25967399-06dd-4683-a78c-4bd5c30a54d9
120,สื่อสารได้อย่างมีประสิทธิภาพเข้าใจได้ตรงจุด Success ทุกการสนทนาได้อย่างมืออาชีพ,,3042,ปานกลาง,Business,Soft Skill,https://firebasestorage.googleapis.com/v0/b/futureskill-211009.appspot.com/o/images%2Ffull%2F1627979711057.png?alt=media&token=4d0642db-e02d-4f04-8115-27bd1d72f1ab
119,พัฒนาซอฟต์แวร์ระบบ Microservices อย่างเข้าใจและทำงานได้จริง ให้พร้อมประยุกต์ใช้งาน,"นักเรียน, นักศึกษา",3720,ปานกลาง,Technology,Programming,https://firebasestorage.googleapis.com/v0/b/futureskill-211009.appspot.com/o/images%2Ffull%2F1627634395932Microservices.png?alt=media&token=50e4ab8e-06f5-4731-be38-0d1352370fc0
118,ลงทุนหุ้นแบบ Worldwide ปั้นมือใหม่สร้างกำไรในหุ้นต่างประเทศ,"นักเรียน, บุคคลทั่วไป",2244,ปานกลาง,Business,Investment,https://firebasestorage.googleapis.com/v0/b/futureskill-211009.appspot.com/o/images%2Ffull%2F1627051563225Worldwide1.png?alt=media&token=78027780-508d-4698-9cb9-6aac75569db6
117,รู้ลึกเรื่อง Coding ภาษา C แบบมีหลักการ พร้อมลงมือเขียนจริงแบบ step by step,"นักเรียน, นักศึกษา",5085,พื้นฐาน,Technology,Programming,https://firebasestorage.googleapis.com/v0/b/futureskill-211009.appspot.com/o/images%2Ffull%2F1627368004000CPrograming2.png?alt=media&token=4868ca0a-1721-4ce8-b768-54b5aab362b2
116,Intensive SEO ทำเว็บไซต์ให้ติดหน้าแรกบน Google โดยไม่เสียค่าใช้จ่าย,,3615,ปานกลาง,Business,Digital Marketing,https://firebasestorage.googleapis.com/v0/b/futureskill-211009.appspot.com/o/images%2Ffull%2F1627038898199SEO.jpg?alt=media&token=7220a55e-6b99-4961-a59e-1adcc149e1a5
115,รู้ลึกเรื่องบริหารทีมให้มีประสิทธิภาพแบบฉบับหัวหน้ายุคใหม่กับ HR มืออาชีพ (People Management),,2301,พื้นฐาน,Business,Soft Skill,https://firebasestorage.googleapis.com/v0/b/futureskill-211009.appspot.com/o/images%2Ffull%2F1625049159786hr.png?alt=media&token=d2df5b5a-77c8-4792-9b30-096d61bd71f6
114,เจาะข้อมูลทางภาษา หา insight ใน data ด้วย Natural Language Processing และ Deep learning,"นักเรียน, นักศึกษา",4164,ปานกลาง,Technology,Programming,https://firebasestorage.googleapis.com/v0/b/futureskill-211009.appspot.com/o/images%2Ffull%2F16248846723612.png?alt=media&token=6538ee0f-9140-4163-bc98-7e005e01cc68
113,พัฒนาวิธีคิด รู้เทคนิคการแก้ปัญหา ต่อยอดสู่การทำงานด้วย Problem Solving Skill,,5598,พื้นฐาน,Business,Soft Skill,https://firebasestorage.googleapis.com/v0/b/futureskill-211009.appspot.com/o/images%2Ffull%2F1624635944411problemsolvingskillmin.jpg?alt=media&token=90b4cbec-2589-4b74-94be-0d46af22285b
112,สร้าง Dashboard วิเคราะห์ข้อมูลอย่างมีประสิทธิภาพด้วย Tableau,พนักงาน,5703,ปานกลาง,Business,Data and Analytics,https://firebasestorage.googleapis.com/v0/b/futureskill-211009.appspot.com/o/images%2Ffull%2F16245403311502Tableau.jpg?alt=media&token=f815efed-f088-4089-9145-1e00aeceaf9b
111,เจาะลึกพื้นฐานภาษาญี่ปุ่นให้สื่อสารอย่างมั่นใจกับ Japanese for everyone!,,5526,พื้นฐาน,Business,Language,https://firebasestorage.googleapis.com/v0/b/futureskill-211009.appspot.com/o/images%2Ffull%2F1624444158637.png?alt=media&token=a7d5076c-315b-4c88-a74c-a98ddaa529cd
110,ติดอาวุธพิชิตปัญหากับแนวคิด Growth Mindset ให้เติบโตแบบก้าวกระโดด,"นักเรียน, พนักงาน, บุคคลทั่วไป",5394,พื้นฐาน,Business,Soft Skill,https://firebasestorage.googleapis.com/v0/b/futureskill-211009.appspot.com/o/images%2Ffull%2F1624351671718GrowthMindset2.png?alt=media&token=58dcfa66-bd9b-4218-b30f-21a3565dfb59
109,ทำ Line Marketing แบบตอบโจทย์การตลาดครบวงจรสำหรับธุรกิจยุคใหม่,,5445,พื้นฐาน,Business,Digital Marketing,https://firebasestorage.googleapis.com/v0/b/futureskill-211009.appspot.com/o/images%2Ffull%2F1622649356275lineoa01.png?alt=media&token=f4eb0046-a001-4701-bbef-2dbca7a49774
108,เปิดร้านอาหารออนไลน์ ให้ขายดี ไม่ต้องมีหน้าร้านแบบ Food Delivery,,4182,พื้นฐาน,Business,Digital Marketing,https://firebasestorage.googleapis.com/v0/b/futureskill-211009.appspot.com/o/images%2Ffull%2F1622619559369FoodDelivery1.jpg?alt=media&token=827589b1-656b-4983-a4f7-e570c5579e0d
107,ปั้นธุรกิจให้โตแบบก้าวกระโดด ตรงเป้าหมาย ด้วยกลยุทธ์ Growth Hacking,,2559,พื้นฐาน,Business,Digital Marketing,https://firebasestorage.googleapis.com/v0/b/futureskill-211009.appspot.com/o/images%2Ffull%2F1621849100877thumbnail101.png?alt=media&token=8d017fd1-d007-4a1d-a814-784fdd18c66a
106,รู้เทคนิคซื้อ Facebook Ads สร้างรายได้ผ่านวิกฤตจากมืออาชีพ,,6573,ปานกลาง,Business,Digital Marketing,https://firebasestorage.googleapis.com/v0/b/futureskill-211009.appspot.com/o/images%2Ffull%2F1621438831988FacebookAds.jpg?alt=media&token=5c8f0f81-a606-4e1f-b7d1-867ebb78dd37
105,จัดการฐานข้อมูลอย่างมีประสิทธิภาพ พร้อมวิเคราะห์ข้อมูลที่มีในไม่กี่อึดใจด้วย SQL Command,บุคคลทั่วไป,8355,พื้นฐาน,Technology,Programming,https://firebasestorage.googleapis.com/v0/b/futureskill-211009.appspot.com/o/images%2Ffull%2F1621421434095SQL.jpg?alt=media&token=59a85399-b56f-48f8-9ac5-59784208144e
104,วิเคราะห์ข้อมูลทางภาษา ไขปัญหาทางธุรกิจด้วย Natural Language Processing,"นักเรียน, นักศึกษา",4044,พื้นฐาน,Technology,Programming,https://firebasestorage.googleapis.com/v0/b/futureskill-211009.appspot.com/o/images%2Ffull%2F1621254818495NaturalLanguageProcessing.jpg?alt=media&token=128345c4-a470-4d30-99c3-49f5aaef75d4
103,ปูพื้นฐานการเงินให้มีคุณภาพ ด้วยการวางแผนการเงิน 101,,31737,พื้นฐาน,Free courses,Business,https://firebasestorage.googleapis.com/v0/b/futureskill-211009.appspot.com/o/images%2Ffull%2F1621235862701101.jpg?alt=media&token=85b047f0-fc42-48a5-bc26-20a64c5a2d7a
102,ออกแบบ Infographic และ Poster สำหรับขายสินค้าออนไลน์ง่ายๆด้วยตัวเอง,,32724,พื้นฐาน,Creative,Graphic Design,https://firebasestorage.googleapis.com/v0/b/futureskill-211009.appspot.com/o/images%2Ffull%2F1620805180514infoxfutureskill.jpg?alt=media&token=9b94a0bf-9370-495f-babe-e7a1e9ecd6fb
101,Content Writing 101 สร้างรายได้ผ่าน ‘การเขียนคอนเทนต์’,,36234,พื้นฐาน,Creative,Content,https://firebasestorage.googleapis.com/v0/b/futureskill-211009.appspot.com/o/images%2Ffull%2F1620370360864contentwritingreskill.png?alt=media&token=bd48296f-7f19-4e41-bae4-77c825f33ab2
100,สร้าง AR สำหรับธุรกิจดิจิทัลด้วย AR Foundation และ Unity,,6219,ปานกลาง,Technology,Programming,https://firebasestorage.googleapis.com/v0/b/futureskill-211009.appspot.com/o/images%2Ffull%2F1620128351495ARARFoundationUnity.jpg?alt=media&token=63b4bd86-dfcc-4511-9b2e-1f7db0add7b8
99,ปิดการขายแบบมือโปรสร้างยอดหลักล้าน ด้วยทักษะขายเก่งแบบ Top sale,นักเรียน,3279,พื้นฐาน,Business,Soft Skill,https://firebasestorage.googleapis.com/v0/b/futureskill-211009.appspot.com/o/images%2Ffull%2F1619801431717TopSaleCourse2.jpg?alt=media&token=64c01405-734c-4159-ba20-a9758b85075c
98,จับมือเปิดพอร์ตหุ้นสร้างเงินร้อยสู่เงินล้านแบบไม่เจ็บตัว,,3726,ปานกลาง,Business,Investment,https://firebasestorage.googleapis.com/v0/b/futureskill-211009.appspot.com/o/images%2Ffull%2F1619796119120TNEdit_.jpg?alt=media&token=0c6a8abf-7e6f-4ace-a192-31841b4d1c0b
97,ปูพื้นฐานเข้าใจหุ้นแบบเจาะลึกก่อนลงทุน สร้างเงินร้อยสู่เงินล้าน,,5646,พื้นฐาน,Business,Investment,https://firebasestorage.googleapis.com/v0/b/futureskill-211009.appspot.com/o/images%2Ffull%2F1619779410787TNEdit_.jpg?alt=media&token=50f23e3d-83f4-4180-a431-822064fe756e
96,Marketing Automation การตลาดแบบอัตโนมัติ เทคนิคเดียว จบ ครบ มัดใจทุกสิ่งที่ลูกค้าต้องการ,,3705,ปานกลาง,Business,Digital Marketing,https://firebasestorage.googleapis.com/v0/b/futureskill-211009.appspot.com/o/images%2Ffull%2F1617002434851Automation_2.jpg?alt=media&token=f01b05a6-4848-47f0-a160-8dfc8485086b
95,เจาะลึกเทคนิคเทรดบิทคอยน์ทำกำไร ไม่กลัวติดดอย By Zipmex,,5637,พื้นฐาน,Business,Investment,https://firebasestorage.googleapis.com/v0/b/futureskill-211009.appspot.com/o/images%2Ffull%2F1616170159437Zipmex.jpg?alt=media&token=467481a3-664b-4be3-8248-bcec7ba363ec
94,Get started with Programming รวมสิ่งที่ต้องรู้ ก่อนเดินสู่เส้นทางโปรแกรมเมอร์,"นักเรียน, นักศึกษา",8694,พื้นฐาน,Technology,Programming,https://firebasestorage.googleapis.com/v0/b/futureskill-211009.appspot.com/o/images%2Ffull%2F1615975114536tn1futureskillprogram02_optimized2.png?alt=media&token=cc2a3126-47f5-4ba6-8b31-ce26762552c8
93,เปิดโลกของ Cryptocurrency สอนมือใหม่เทรดเงินสร้างกำไร!,,9465,พื้นฐาน,Business,Investment,https://firebasestorage.googleapis.com/v0/b/futureskill-211009.appspot.com/o/images%2Ffull%2F1614944623287TNfutureskill01.png?alt=media&token=cd1ac348-8b03-41ff-ad51-93c4d257e631
91,R Programming for Data Analysis ,,2064,ปานกลาง,Business,Data and Analytics,https://firebasestorage.googleapis.com/v0/b/futureskill-211009.appspot.com/o/images%2Ffull%2F1614252594013RProgrammingforDataAnalysis.jpg?alt=media&token=e9df4590-bad6-457a-bb5c-a478afd88bc3
90,พิชิตการตลาดและงานขาย หา Insight สบายๆ ด้วย Advance Report จาก Power BI,,5592,ปานกลาง,Business,Data and Analytics,https://firebasestorage.googleapis.com/v0/b/futureskill-211009.appspot.com/o/images%2Ffull%2F1613582789549InsightAdvanceReportPowerBI.jpg?alt=media&token=04e5eaf0-86b8-4385-be2c-abaf80ef7270
89,สร้าง Game Application ตั้งแต่เริ่มต้น จนเล่นได้จริงทั้งบน PC และ Mobile จาก Unity 3D,"นักเรียน, นักศึกษา",8331,ปานกลาง,Technology,Mobile application,https://firebasestorage.googleapis.com/v0/b/futureskill-211009.appspot.com/o/images%2Ffull%2F1613384380682GameApplicationPCMobileUnity3D_Edit.jpg?alt=media&token=cff26398-e453-473e-a4bb-c88885d091e0
88,วาดรูป Procreate ใน Ipad สร้างคาแรกเตอร์ให้โดดเด่นมีเอกลักษณ์แบบ Fatlipz ,,15231,ปานกลาง,Creative,Digital drawing,https://firebasestorage.googleapis.com/v0/b/futureskill-211009.appspot.com/o/images%2Ffull%2F1624965207392ProcreateIpadFatlipz.jpg?alt=media&token=9461ab38-8866-4195-9b9a-8959eb124b0c
87,ก้าวแรกสู่ภาษาจีนเบื้องต้นแบบเข้าใจง่ายด้วยภาษาจีนเพื่อการสื่อสาร,"นักเรียน, พนักงาน",4752,พื้นฐาน,Business,Language,https://firebasestorage.googleapis.com/v0/b/futureskill-211009.appspot.com/o/images%2Ffull%2F1608797333199TNCourse.png?alt=media&token=1919fcc8-2f92-4b71-95f9-a31cef6d8d97
86,Dropship ขายของออนไลน์รายได้หลักแสนต่อเดือน ทำได้ง่ายๆ โดยไม่ต้องลงทุน,นักเรียน,5838,พื้นฐาน,Business,Digital Marketing,https://firebasestorage.googleapis.com/v0/b/futureskill-211009.appspot.com/o/images%2Ffull%2F1603695166634Dropship.jpg?alt=media&token=cf09a1ec-ee8b-428c-843b-ebd93f81489c
85,สร้าง Web Application ตั้งแต่พื้นฐานด้วยภาษา Python,,6693,พื้นฐาน,Technology,Web Development,https://firebasestorage.googleapis.com/v0/b/futureskill-211009.appspot.com/o/images%2Ffull%2F1602579082031WebApplicationPython.jpg?alt=media&token=ddb5b721-8b80-475e-89a3-25b1df7cb8cb
84,Digital Painting วาดฉากอนิเมชั่นกับเพจ Zhowee,,3375,ปานกลาง,Creative,Digital drawing,https://firebasestorage.googleapis.com/v0/b/futureskill-211009.appspot.com/o/images%2Ffull%2F1602058147576Perspective_3.jpg?alt=media&token=6e178495-8893-47f2-acee-158b32880b71
83,เผยเทคนิคการทำ Motion Graphic ให้ Unique สำหรับ Content Creator กับ Youtuber ชื่อดังอย่าง FATLIPZ,,4668,พื้นฐาน,Creative,Motion Graphic,https://firebasestorage.googleapis.com/v0/b/futureskill-211009.appspot.com/o/images%2Ffull%2F1600149041789rsz_motion1.jpg?alt=media&token=8598b1e0-b84c-4be0-ba7e-e994428b91c4
82,ติดปีกทักษะการตลาดออนไลน์ ยอดขายปังทำเองได้ด้วย Digital media strategic planning,"นักศึกษา, พนักงาน, บุคคลทั่วไป",11010,พื้นฐาน,Business,Digital Marketing,https://firebasestorage.googleapis.com/v0/b/futureskill-211009.appspot.com/o/images%2Ffull%2F1599126346260Digitalmediastrategicplanning.jpg?alt=media&token=83f58061-41e9-4ba1-9105-70a7c51ab5e0
81,เทคนิคดูดข้อมูลจากเว็บไซต์บน internet ทั่วโลกด้วย Python Web Scraping,บุคคลทั่วไป,3585,ปานกลาง,Technology,Programming,https://firebasestorage.googleapis.com/v0/b/futureskill-211009.appspot.com/o/images%2Ffull%2F1598520866572WebScraping.png?alt=media&token=7a2aa4b7-70ed-4ec2-9146-ebd5bb169518
80,รวมเทคนิคทำกราฟิกเพิ่มรายได้ด้วย Advanced Illustrator,นักเรียน,3327,ปานกลาง,Creative,Graphic Design,https://firebasestorage.googleapis.com/v0/b/futureskill-211009.appspot.com/o/images%2Ffull%2F1597308645849advancedillustratoredit.png?alt=media&token=508da715-7f60-4837-bdf4-d964f37af44c
79,สื่อสารภาษาอังกฤษในที่ทำงานอย่างมั่นใจด้วย Office English,,35883,พื้นฐาน,Business,Language,https://firebasestorage.googleapis.com/v0/b/futureskill-211009.appspot.com/o/images%2Ffull%2F1596443691901OfficeEnglish1.jpg?alt=media&token=00b7f968-6f01-4c06-a58f-96100ad90690
78,"สร้าง Mobile app ""IOS และ Android"" ครบจบด้วย Flutter",,5517,ปานกลาง,Technology,Web Development,https://firebasestorage.googleapis.com/v0/b/futureskill-211009.appspot.com/o/images%2Ffull%2F1596116210108MobileAppIOSAndroidFlutter.jpg?alt=media&token=ea60b62a-1d2a-4c94-b198-52cbbdfb6495
77,Internet of things ตั้งแต่พื้นฐานจนสร้าง Smart Farm,"นักเรียน, นักศึกษา",5022,ปานกลาง,Technology,Programming,https://firebasestorage.googleapis.com/v0/b/futureskill-211009.appspot.com/o/images%2Ffull%2F1635743090247IOT.jpg?alt=media&token=5baf0d0d-a44f-447b-90a9-f49c9789a24d
76,Data visualization เล่าข้อมูลให้ง่ายด้วย Google Data Studio,"นักเรียน, นักศึกษา",5079,ปานกลาง,Business,Data and Analytics,https://firebasestorage.googleapis.com/v0/b/futureskill-211009.appspot.com/o/images%2Ffull%2F1594638328797DatavisualizationGoogledatastudio.jpg?alt=media&token=5c734e31-ef18-4bab-82f9-cf6be12271fa
75,พรีเซนต์ให้ชนะทุกงานด้วย Presentation Skill,,7080,พื้นฐาน,Business,Soft Skill,https://firebasestorage.googleapis.com/v0/b/futureskill-211009.appspot.com/o/images%2Ffull%2F1594446544139PresentationSkill.jpg?alt=media&token=ba4d3ce9-d320-4509-9455-f3ae0ad02b85
74,ทำการตลาดยุค New Normal ด้วยสุดยอดเทคนิค Creative Marketing,,5127,พื้นฐาน,Business,Digital Marketing,https://firebasestorage.googleapis.com/v0/b/futureskill-211009.appspot.com/o/images%2Ffull%2F1592995182191CreativeMarketing2.jpg?alt=media&token=85e13e2d-b923-4e98-9600-c752501bd2a6
73,ทำพอดแคสต์ยังไง...ให้มีคนฟัง,บุคคลทั่วไป,2103,พื้นฐาน,Creative,Content,https://firebasestorage.googleapis.com/v0/b/futureskill-211009.appspot.com/o/images%2Ffull%2F1592927874579Podcast.jpg?alt=media&token=06cedfdd-8e7c-426c-989e-5871b0d69181
72,User Interface สำหรับเว็บขายสินค้าออน์ไลน์ (ecommerce) ฉบับเริ่มต้น,บุคคลทั่วไป,4899,พื้นฐาน,Creative,Graphic Design,https://firebasestorage.googleapis.com/v0/b/futureskill-211009.appspot.com/o/images%2Ffull%2F1591940078335UI_Edit.jpg?alt=media&token=721f4541-034d-457d-8421-efdf40429b01
71,วิเคราะห์ลูกค้าให้มีประสิทธิภาพด้วย Data Clustering,นักเรียน,2274,ปานกลาง,Business,Data and Analytics,https://firebasestorage.googleapis.com/v0/b/futureskill-211009.appspot.com/o/images%2Ffull%2F1591555414304DC.jpg?alt=media&token=b19dee1b-3cfe-4175-9ce5-16c1effd1b48
70,ทำกราฟิกขายของบนโซเซียลมีเดียด้วยตัวเอง,,5151,พื้นฐาน,Creative,Graphic Design,https://firebasestorage.googleapis.com/v0/b/futureskill-211009.appspot.com/o/images%2Ffull%2F1591361298250GAD.jpg?alt=media&token=c24b7b00-5933-4002-bd07-153c1f2ea9db
69,เจาะลึกการใช้ Excel เพื่อธุรกิจแบบมืออาชีพ,"นักเรียน, นักศึกษา, พนักงาน",12651,ปานกลาง,Business,Office Productivity,https://firebasestorage.googleapis.com/v0/b/futureskill-211009.appspot.com/o/images%2Ffull%2F1591021601631IEX1.jpg?alt=media&token=44eaa9ff-ee34-4e0e-a0d4-bf92d592e65b
68,ออกแบบธุรกิจให้ประสบความสำเร็จด้วย Design Thinking,,5535,พื้นฐาน,Business,Soft Skill,https://firebasestorage.googleapis.com/v0/b/futureskill-211009.appspot.com/o/images%2Ffull%2F1590396706559DesignThinking.jpg?alt=media&token=cd1031b8-aa33-41e8-9eba-1317eed2e7fa
67,เจาะลึก Neural Network ปัญญาประดิษฐ์,,4314,ปานกลาง,Technology,Data and Analytics,https://firebasestorage.googleapis.com/v0/b/futureskill-211009.appspot.com/o/images%2Ffull%2F1590302599410NeuralNetwork.jpg?alt=media&token=3ed24949-0232-4d69-a06d-29942f818315
66,สร้างสรรค์งานอาร์ตแบบมีสไตล์ด้วยแอพ Procreate ,,25914,พื้นฐาน,Creative,Digital drawing,https://firebasestorage.googleapis.com/v0/b/futureskill-211009.appspot.com/o/images%2Ffull%2F1588601611688Procreate03.png?alt=media&token=1aca4d7c-c2a3-404d-b728-794884d165e7
65,"เริ่มต้น Devops จนทำ Automated Deployment ด้วย GCloud, Jenkin, Git ได้",บุคคลทั่วไป,4254,ปานกลาง,Technology,Programming,https://firebasestorage.googleapis.com/v0/b/futureskill-211009.appspot.com/o/images%2Ffull%2F1588412619254GJG.jpg?alt=media&token=b4d8004a-251b-4a38-b394-ba1e541415a7
64,วิเคราะห์ข้อมูลทางธุรกิจให้ตรงใจลูกค้าด้วย Business Analytics,"นักเรียน, นักศึกษา",14919,ปานกลาง,Business,Data and Analytics,https://firebasestorage.googleapis.com/v0/b/futureskill-211009.appspot.com/o/images%2Ffull%2F1588343856017BusinessAnalytics.jpg?alt=media&token=34c9399d-f5a1-4e2b-8e25-a06035f96232
63,Storytelling for Content Marketing,,6879,พื้นฐาน,Creative,Content,https://firebasestorage.googleapis.com/v0/b/futureskill-211009.appspot.com/o/images%2Ffull%2F1588233039821ContentMarketing_Edit02.jpg?alt=media&token=7ccf9167-0f7a-4611-b364-190eb750af42
62,ตัดต่อ Video สร้างรายได้ได้! ตั้งแต่พื้นฐานแบบ youtuber ด้วยโปรแกรม premiere pro,,5031,พื้นฐาน,Creative,Video Editing,https://firebasestorage.googleapis.com/v0/b/futureskill-211009.appspot.com/o/images%2Ffull%2F1587911507167Premierepro101.jpg?alt=media&token=85d560b4-5933-413d-8813-a00fcb1f37a3
61,เปลี่ยนแบรนด์ให้ปัง เป็นที่น่าจดจำด้วย Branding design,,3837,พื้นฐาน,Creative,Graphic Design,https://firebasestorage.googleapis.com/v0/b/futureskill-211009.appspot.com/o/images%2Ffull%2F1587120969354Brandingdesign01.jpg?alt=media&token=c97e7bde-a9f9-4dd1-9b6e-f3e4d906d2b9
60,ออกแบบ Character design ง่ายๆ แบบจับมือทำไปกับเพจถุงเงิน Family,,3741,พื้นฐาน,Creative,Graphic Design,https://firebasestorage.googleapis.com/v0/b/futureskill-211009.appspot.com/o/images%2Ffull%2F1585735386530CharacterDesign.jpg?alt=media&token=90e395b6-d0e9-4f9c-9e96-c9310c912b14
59,Blockchain ตั้งแต่พื้นฐานจนสร้างระบบ decentralise ได้,บุคคลทั่วไป,5355,ปานกลาง,Technology,Programming,https://firebasestorage.googleapis.com/v0/b/futureskill-211009.appspot.com/o/images%2Ffull%2F1585304718259Blockchaindecentralise.jpg?alt=media&token=2e382ac6-77b8-4d75-9af2-dda2789aafe2
58,สร้างเว็บไซต์จากเริ่มต้นจนถึงมือโปร ด้วย HTML5/CSS3/JavaScript,,13017,พื้นฐาน,Technology,Programming,https://firebasestorage.googleapis.com/v0/b/futureskill-211009.appspot.com/o/images%2Ffull%2F1585028213261HTML5CSS3JavaScript.jpg?alt=media&token=419bd2d0-ef56-4251-b063-52108860ce4f
57,สร้างเว็บเองตั้งแต่เริ่มครบจบในคอร์สเดียวด้วย Wordpress Page Builder,,5241,ปานกลาง,Technology,Web Development,https://firebasestorage.googleapis.com/v0/b/futureskill-211009.appspot.com/o/images%2Ffull%2F1584956964604WordpressPageBuilder.jpg?alt=media&token=8a2623d3-59b4-4598-8205-82001b5b76f5
56,"คอร์สเรียนฟรี ""เจาะลึกไวรัส COVID 19"" ",,3354,ปานกลาง,Free courses,Business,https://firebasestorage.googleapis.com/v0/b/futureskill-211009.appspot.com/o/images%2Ffull%2F1583399254321covid19ThumbnailClip01.jpg?alt=media&token=72820c7e-d6eb-49d2-a747-9bdb257fc3b7
55,Data analytics for Business,"พนักงาน, บุคคลทั่วไป",24132,ปานกลาง,Business,Data and Analytics,https://firebasestorage.googleapis.com/v0/b/futureskill-211009.appspot.com/o/images%2Ffull%2F1583325266776DataanalyticsandmachinelearningwithpythonforBUSINESS2.jpg?alt=media&token=9b2ebd43-d41d-47af-a9a9-8128c6433211
54,ครบเครื่องเรื่องสร้างแบรนด์ รู้วิธีการทำการตลาดธุรกิจเครื่องสำอาง,,2100,พื้นฐาน,Business,Digital Marketing,https://firebasestorage.googleapis.com/v0/b/futureskill-211009.appspot.com/o/images%2Ffull%2F1582031505319.jpg?alt=media&token=89625adf-3b55-47bc-8b03-6c3f7227860d
53,เพิ่มประสิทธิภาพการทำงาน ด้วย Agile process,,4764,ปานกลาง,Business,Soft Skill,https://firebasestorage.googleapis.com/v0/b/futureskill-211009.appspot.com/o/images%2Ffull%2F1581925844928agileprocess.jpg?alt=media&token=39a755ad-f715-4d6b-bc61-851cd6b9f70c
52,Tableau ตัวช่วยวิเคราะห์ข้อมูลอันดับ 1  ที่มืออาชีพเลือกใช้ ,,6396,พื้นฐาน,Technology,Data and Analytics,https://firebasestorage.googleapis.com/v0/b/futureskill-211009.appspot.com/o/images%2Ffull%2F1581414210059Tableau1.jpg?alt=media&token=b4d9146b-ce01-4517-b613-14f909d758a6
51,Data Science for everyone,,31875,ปานกลาง,Technology,Programming,https://firebasestorage.googleapis.com/v0/b/futureskill-211009.appspot.com/o/images%2Ffull%2F1579867928708DataScience_ForEveryone.png?alt=media&token=151bc7c6-7564-4951-8eed-97427e96dd3a
50,ทำ Content ให้มีคนเสพย์หลักล้านด้วย Super Content,,8991,พื้นฐาน,Creative,Content,https://firebasestorage.googleapis.com/v0/b/futureskill-211009.appspot.com/o/images%2Ffull%2F1579849599630ContentSuperContent.png?alt=media&token=07df9503-a0ea-4e02-a8dc-52518172f154
49,วิเคราะห์ข้อมูลของคุณให้เข้าใจง่ายด้วย  Power BI,,14754,พื้นฐาน,Technology,Data and Analytics,https://firebasestorage.googleapis.com/v0/b/futureskill-211009.appspot.com/o/images%2Ffull%2F1578904123759PowerBI.png?alt=media&token=b5dcfb97-cbf1-42b8-aaf4-ae790aaf4f70
47,ปลดล็อคหนี้ให้อยู่หมัด ด้วยการบริหารจัดการหนี้อย่างถูกวิธี,,1710,พื้นฐาน,Business,Investment,https://firebasestorage.googleapis.com/v0/b/futureskill-211009.appspot.com/o/images%2Ffull%2F1577058989317.jpg?alt=media&token=d79b5c62-1c2b-445a-bd72-1406b8434618
45,สร้างเว็บแอพลิเคชั่น ด้วย Vue.js framework ที่มาแรงที่สุด,,4668,ปานกลาง,Technology,Web Development,https://firebasestorage.googleapis.com/v0/b/futureskill-211009.appspot.com/o/images%2Ffull%2F1574760621823Vue.jsframework101.png?alt=media&token=2cf722a7-7b17-4d9f-870c-32efe52bcaa4
44,สร้าง Mobile Application ทั้ง IOS และ  Android ง่ายๆด้วย React-Native,นักศึกษา,7281,พื้นฐาน,Technology,Mobile application,https://firebasestorage.googleapis.com/v0/b/futureskill-211009.appspot.com/o/images%2Ffull%2F1574152831353MobileApplicationIOSAndroidReactNative101.png?alt=media&token=252273a8-c66e-44a4-9a65-9d1394180f2a
43,UpSkill  Python Programming เส้นทางสู่  Developer,นักศึกษา,31530,พื้นฐาน,Technology,Programming,https://firebasestorage.googleapis.com/v0/b/futureskill-211009.appspot.com/o/images%2Ffull%2F1572258971527UpskillPythonProgramming.png?alt=media&token=fe0eca51-ffab-4847-a79c-cbb78d2e37da
42,ปูเส้นทางสู่การเป็น Graphic designer ด้วย Adobe Illustrator,,3450,ปานกลาง,Creative,Graphic Design,https://firebasestorage.googleapis.com/v0/b/futureskill-211009.appspot.com/o/images%2Ffull%2F1571990688442GraphicDesigner.png?alt=media&token=aeada128-0194-4756-a1f4-704aa717d94a
41,กลยุทธ์การทำเพจอย่างไรให้ได้เงินด้วย Media re-architecture ,,8133,พื้นฐาน,Business,Digital Marketing,https://firebasestorage.googleapis.com/v0/b/futureskill-211009.appspot.com/o/images%2Ffull%2F1572323859621ed.png?alt=media&token=bb8eac51-09a2-4339-a2ef-f45d46063d46
39,Bundle สุดคุ้ม Adobe After Effect+Premiere Pro,,2265,ปานกลาง,Creative,Motion Graphic,https://firebasestorage.googleapis.com/v0/b/futureskill-211009.appspot.com/o/images%2Ffull%2F1569225185480101.png?alt=media&token=c87672e6-3f47-4a7a-9f17-9825efcedc57
38,How To ขายของให้ได้ตังค์ ดังด้วย YouTube,,2757,พื้นฐาน,Business,Digital Marketing,https://firebasestorage.googleapis.com/v0/b/futureskill-211009.appspot.com/o/images%2Ffull%2F157242188895500..jpg?alt=media&token=6d82467b-21e1-45d6-af49-d77d5a7a90de
37,Isometric Design เพิ่มมูลค่าให้กับงานออกแบบ,,1617,พื้นฐาน,Creative,Graphic Design,https://firebasestorage.googleapis.com/v0/b/futureskillstaging.appspot.com/o/images%2Ffull%2F1567412989620Playlist09.png?alt=media&token=41c65c2b-c674-4b9a-b252-e4d1df7f8530
36,ทำสื่อโฆษณาทั้งภาพนิ่งและ Video ง่ายๆด้วยมือถือเครื่องเดียว !!,,4266,ปานกลาง,Creative,Video Editing,https://firebasestorage.googleapis.com/v0/b/futureskill-211009.appspot.com/o/images%2Ffull%2F156594337863001.png?alt=media&token=c5f972eb-eb3a-4f80-b5fa-0d8cdcc19c47
35,AI Chatbot ช่วยธุรกิจออนไลน์บน Facebook และ LINE,,4011,พื้นฐาน,Technology,Chatbot,https://firebasestorage.googleapis.com/v0/b/futureskill-211009.appspot.com/o/images%2Ffull%2F1564661048178AiChatbot01.png?alt=media&token=ba092f91-555f-494b-9ea2-902d1cf2b77e
34,มัดใจคนฟังให้อยู่หมัด!!! ด้วยเคล็ดลับการทำ Presentation Design จากมืออาชีพตัวจริง,,4203,พื้นฐาน,Business,Office Productivity,https://firebasestorage.googleapis.com/v0/b/futureskill-211009.appspot.com/o/images%2Ffull%2F1563533191121Powerpoint01.png?alt=media&token=13922bdc-1493-4d89-bfb7-b4ed92496526
33,คอร์สเดียวจบครบเครื่องเรื่อง Digital Marketing,,55362,พื้นฐาน,Business,Digital Marketing,https://firebasestorage.googleapis.com/v0/b/futureskill-211009.appspot.com/o/images%2Ffull%2F1562243181691DigitalMarketing01.png?alt=media&token=4f305e7f-26cd-4017-a5f5-81064500c26e
32,สร้าง Chatbot เก็บข้อมูลลูกค้าด้วย Dialogflow และ Firestore,,4623,ปานกลาง,Technology,Chatbot,https://firebasestorage.googleapis.com/v0/b/futureskill-211009.appspot.com/o/images%2Ffull%2F1560864189776PlaylistADVChatbot.png?alt=media&token=ae977035-521b-4c7d-ab15-bd8dc003d1ac
31,React ตั้งแต่พื้นฐาน จนสร้าง Chat Application ได้ ,,8523,ปานกลาง,Technology,Programming,https://firebasestorage.googleapis.com/v0/b/futureskill-211009.appspot.com/o/images%2Ffull%2F1559646415513React01.png?alt=media&token=0dbc96db-06d7-4aa8-af75-cfac2c1a841f
29,ใช้ Docker ลงมือจริง Step-by-step เป็นใน 2 ชม.,,5505,ปานกลาง,Technology,Programming,https://firebasestorage.googleapis.com/v0/b/futureskillstaging.appspot.com/o/images%2Ffull%2F1567414099233docker0playlistcover.png?alt=media&token=f4c65c6b-22fc-452b-881b-86d313dbe674
28,ทำเว็บไซต์ให้ติดหน้าแรกบน Google ทันที ด้วย Google Ads,,4173,พื้นฐาน,Business,Digital Marketing,https://firebasestorage.googleapis.com/v0/b/futureskillstaging.appspot.com/o/images%2Ffull%2F1567414229003PlaylistGoogleAds.png?alt=media&token=89a08b03-08aa-42da-aaa8-be852c1dac23
27,เรียนถ่ายรูปสวยด้วยกล้อง Mirrorless + Lightroom ปรับโทนสีด้วยตัวเอง,,4572,พื้นฐาน,Creative,Photography,https://firebasestorage.googleapis.com/v0/b/futureskillstaging.appspot.com/o/images%2Ffull%2F1567414274293Mirrorless01.png?alt=media&token=79b695dc-65e8-4f0f-a1cf-73a15b632311
26,คนรุ่นใหม่เข้าใจการลงทุน,,3684,พื้นฐาน,Business,Investment,https://firebasestorage.googleapis.com/v0/b/futureskillstaging.appspot.com/o/images%2Ffull%2F1567414331800Playlist.png?alt=media&token=d1645d53-9e57-4650-bc64-7a26417be6c5
25,เรียนเปียโนพื้นฐานสู่มือโปร,,4341,ปานกลาง,Creative,Lifestyle,https://firebasestorage.googleapis.com/v0/b/futureskillstaging.appspot.com/o/images%2Ffull%2F1567414461977Playlist05.png?alt=media&token=18f2bfa1-c425-46ef-aa75-92c6815e47e7
24,การทำงานจะง่ายขึ้นถ้ามี Creative และความคิดเชื่อมโยง,,4431,พื้นฐาน,Creative,Soft Skill,https://firebasestorage.googleapis.com/v0/b/futureskillstaging.appspot.com/o/images%2Ffull%2F1567409981913Creativity02.png?alt=media&token=7fe6522e-5cad-439b-bf47-10b410a77c4e
23,สร้างธุรกิจให้ปังด้วย Content Marketing ,,4455,พื้นฐาน,Business,Digital Marketing,https://firebasestorage.googleapis.com/v0/b/futureskillstaging.appspot.com/o/images%2Ffull%2F1567410388159content_c1.jpg?alt=media&token=fb96a3e4-8b7a-4e63-aab8-2ca506d1ab0e
22,มือใหม่หัดทำกราฟฟิคง่ายๆด้วยโปรแกรม adobe illustrator,,2205,ปานกลาง,Creative,Illustration,https://firebasestorage.googleapis.com/v0/b/futureskillstaging.appspot.com/o/images%2Ffull%2F1567410891955C18070019min.png?alt=media&token=bbc05b14-2ad3-49a9-8507-406be02b94ba
20,ทำกราฟิกแบบมืออาชีพได้แม้ไม่มีพื้นฐานกับ Canva,,4746,ปานกลาง,Creative,Graphic Design,https://firebasestorage.googleapis.com/v0/b/futureskill-211009.appspot.com/o/images%2Ffull%2F1567747744927course1canva.png?alt=media&token=a9d227d3-197a-4259-8365-301f40878afc
19,มาทำ Chatbot ง่ายๆ ด้วย Dialogflow กันเถอะ,,7311,พื้นฐาน,Technology,Chatbot,https://firebasestorage.googleapis.com/v0/b/futureskillstaging.appspot.com/o/images%2Ffull%2F1567415727731chatbot.png?alt=media&token=f95c8533-800f-45b5-9055-a94450c3bf5d
18,เรียน Photoshop แถม Illustrator สร้างกราฟิกเอง ไม่ต้องจ้างให้เสียเงิน!,"นักเรียน, นักศึกษา",6198,พื้นฐาน,Creative,Graphic Design,https://firebasestorage.googleapis.com/v0/b/futureskillstaging.appspot.com/o/images%2Ffull%2F1567415598400course3photoshop.png?alt=media&token=3ac67efe-5241-4ad4-8f1a-20069912e505
16,ปูพื้นฐาน Excel ของคุณให้พร้อม ในยุค Big Data,"นักเรียน, นักศึกษา",9537,พื้นฐาน,Business,Office Productivity,https://firebasestorage.googleapis.com/v0/b/futureskillstaging.appspot.com/o/images%2Ffull%2F1567415145171excel.png?alt=media&token=b98723c5-8873-4bde-9a8b-ec62a9624656
15,สร้างรายได้จาก Youtube ขึ้นสู่หน้าแรก Google,,4383,พื้นฐาน,Business,Digital Marketing,https://firebasestorage.googleapis.com/v0/b/futureskillstaging.appspot.com/o/images%2Ffull%2F1567414743555youtube.png?alt=media&token=121569fd-f3ef-4b47-bdec-74e84ee9ea8d
13,เย็บกระเป๋าผ้าแบบง่ายๆ ใครก็ทำได้,,1497,ปานกลาง,Creative,Lifestyle,https://firebasestorage.googleapis.com/v0/b/futureskillstaging.appspot.com/o/images%2Ffull%2F1567414792783course4sewing.png?alt=media&token=30aa7631-3529-468b-a544-efb0ded6db8a
12,ปั้นโมเดล 3 มิติ ด้วย MAYA,,2385,ปานกลาง,Creative,3D Animation,https://firebasestorage.googleapis.com/v0/b/futureskillstaging.appspot.com/o/images%2Ffull%2F1567414838252MayaPlaylist01.png?alt=media&token=688e572f-1c58-426e-9924-02d291d4a985
8,สร้างงานเอกสารด้วยโปรแกรมฟรี Google Docs  และการเขียน Resume ให้ปัง,,1248,ปานกลาง,Business,Office Productivity,https://firebasestorage.googleapis.com/v0/b/futureskillstaging.appspot.com/o/images%2Ffull%2F1567406622013C18070085min.png?alt=media&token=eb6f1d1f-e32c-4d62-9fc1-3c97bda7056f
7,ทำอย่างไรให้เว็บไซต์ติดหน้าแรกของ Google ด้วย SEO ,,5388,พื้นฐาน,Business,Digital Marketing,https://firebasestorage.googleapis.com/v0/b/futureskill-211009.appspot.com/o/images%2Ffull%2F1567486700107course10seo01.png?alt=media&token=ed2311c2-bacd-40c2-927f-aba26138d7df
6,BASIC Gmail 101 “เคล็ดไม่ลับ ฉบับ Gmail,,2058,พื้นฐาน,Free courses,Business,https://firebasestorage.googleapis.com/v0/b/futureskillstaging.appspot.com/o/images%2Ffull%2F1567404146983C18070053min.png?alt=media&token=bafc1ec1-776e-411a-b364-e49c366505c8
5,Adobe After Effects สำหรับทำ Motion Graphic เบื้องต้น,,4716,พื้นฐาน,Creative,Motion Graphic,https://firebasestorage.googleapis.com/v0/b/futureskillstaging.appspot.com/o/images%2Ffull%2F1567415078951course9Motion_Instragram.png?alt=media&token=4692172a-bb94-408c-96a1-41d0443ea81c
4,เทคนิคง่ายๆ ในการเขียน Copywriting และการทำ Content ให้ชนะใจคนเสพย์,"นักเรียน, นักศึกษา, พนักงาน",23337,พื้นฐาน,Creative,Content,https://firebasestorage.googleapis.com/v0/b/futureskill-211009.appspot.com/o/images%2Ffull%2F1602667750180rsz_14tb_copywritingcontent.jpg?alt=media&token=fdf8f5f5-4939-4e38-ba18-943e6a3aedef
3,สนุกกับการนำเสนอ Presentation ได้ง่ายๆ ด้วย Keynote,,2580,ปานกลาง,Business,Office Productivity,https://firebasestorage.googleapis.com/v0/b/futureskillstaging.appspot.com/o/images%2Ffull%2F1567403486758C18070106min.png?alt=media&token=b5887ec5-7d47-4a44-84bd-6407f19cf853
2,Icon Design สร้างรายได้,,3492,พื้นฐาน,Creative,Graphic Design,https://firebasestorage.googleapis.com/v0/b/futureskillstaging.appspot.com/o/images%2Ffull%2F1567403611215C18070207min.png?alt=media&token=8f77872d-5004-439b-b39d-293f89503b1e
1,ตัดต่อ VDO ง่ายๆ ใคร ๆ ก็ทำได้ด้วย Adobe Premiere Pro,,3765,ปานกลาง,Creative,Video Editing,https://firebasestorage.googleapis.com/v0/b/futureskillstaging.appspot.com/o/images%2Ffull%2F1566983704733course11premiere01.png?alt=media&token=8bf44e77-6ba6-472e-864f-e9b208f0fcb0
